EmployeeNumber,Department,TotalWorkingYears,MonthlyIncome,NumCompaniesWorked,YearsInCurrentRole,OverTime,Attrition
1,Engineering,8,10649,2,2,Yes,No
2,Operations,2,5007,0,1,No,No
3,Finance,9,10839,1,2,No,No
4,HR,11,12021,1,4,No,No
5,Sales,10,12372,1,3,No,No
6,Sales,15,14776,2,5,No,No
7,Sales,13,14586,1,3,Yes,No
8,Marketing,10,10898,1,6,No,No
9,HR,7,8700,1,1,No,Yes
10,Finance,2,5677,0,1,Yes,Yes
11,Sales,9,9934,2,2,Yes,Yes
12,Operations,8,9649,1,1,Yes,Yes
13,Marketing,8,9797,1,5,Yes,Yes
14,Sales,3,6317,0,0,No,No
15,Sales,3,6196,0,2,Yes,Yes
16,Sales,15,15707,2,7,Yes,No
17,Engineering,7,10547,1,1,Yes,No
18,Engineering,11,14029,1,8,No,No
19,Engineering,7,11563,1,2,No,No
20,Sales,7,9673,1,5,No,No
21,HR,14,15496,2,4,Yes,No
22,Sales,5,7873,1,3,No,Yes
23,Sales,7,9223,1,1,No,Yes
24,Engineering,5,7912,0,2,Yes,No
25,Engineering,5,7762,0,3,Yes,Yes
26,Finance,5,7539,0,3,Yes,Yes
27,Sales,8,10728,1,5,Yes,Yes
28,Engineering,5,8964,0,3,No,No
29,HR,17,13804,4,12,No,No
30,Sales,3,6376,0,0,No,No
31,HR,6,7611,1,2,No,No
32,Sales,5,7964,0,1,No,No
33,Sales,20,23937,6,8,No,No
34,Operations,8,10125,1,3,No,No
35,Operations,15,14593,4,7,Yes,Yes
36,Marketing,2,4957,0,0,No,No
37,Engineering,8,10029,1,4,No,Yes
38,Sales,13,14117,2,3,Yes,Yes
39,Finance,7,10078,1,2,No,No
40,Engineering,15,17559,1,7,No,No
41,Sales,5,7842,0,3,No,No
42,Engineering,19,23411,4,12,Yes,Yes
43,Sales,36,34467,7,21,No,No
44,Operations,5,7052,0,1,Yes,No
45,Sales,5,7974,0,2,No,No
46,Finance,20,23548,6,5,No,Yes
47,Engineering,22,23885,6,9,No,No
48,Engineering,5,9433,0,2,Yes,No
49,Engineering,5,8648,1,1,No,Yes
50,Sales,6,8789,1,2,No,No
51,Operations,2,5127,0,1,Yes,No
52,Finance,3,6447,0,2,Yes,Yes
53,Operations,3,5997,0,1,Yes,Yes
54,Marketing,4,6791,0,0,Yes,Yes
55,HR,7,8231,1,2,No,No
56,Operations,8,9799,1,3,Yes,Yes
57,Sales,21,19866,6,16,Yes,Yes
58,Sales,3,6168,0,0,No,No
59,Sales,14,15779,4,9,Yes,No
60,Engineering,6,9610,1,1,No,Yes
61,Engineering,7,10686,1,5,Yes,Yes
62,Sales,11,11358,1,4,No,No
63,Marketing,3,5768,0,1,No,No
64,Engineering,9,12946,1,3,No,No
65,Sales,8,10652,1,4,No,Yes
66,Engineering,10,12831,1,3,No,No
67,Sales,9,12422,1,2,Yes,No
68,Marketing,40,32728,5,30,Yes,Yes
69,Sales,4,7361,0,3,Yes,No
70,Operations,5,7462,0,3,No,No
71,Finance,4,7091,0,2,No,Yes
72,Sales,5,8681,1,3,No,No
73,Sales,4,6599,0,0,Yes,No
74,Marketing,16,17476,3,6,No,No
75,Finance,19,23565,5,7,No,No
76,Finance,4,7082,0,2,No,No
77,Finance,4,7874,0,1,No,No
78,Sales,10,12079,1,2,Yes,Yes
79,Engineering,5,8850,1,2,No,No
80,Sales,11,13431,2,7,No,No
81,Marketing,8,9814,1,3,Yes,Yes
82,HR,2,5056,0,0,No,Yes
83,Engineering,21,27072,2,6,No,No
84,Sales,25,21653,6,8,No,No
85,Engineering,4,8202,0,1,Yes,No
86,Engineering,5,7835,0,2,Yes,Yes
87,Finance,9,13032,1,5,No,Yes
88,HR,9,10710,1,5,No,Yes
89,Marketing,11,11339,2,4,No,No
90,Engineering,30,33418,8,20,Yes,Yes
91,Sales,6,8196,0,1,Yes,No
92,Finance,4,7257,0,1,No,Yes
93,Finance,2,5360,0,1,No,No
94,HR,4,6604,0,1,No,No
95,Finance,7,11100,1,1,No,No
96,Engineering,25,33128,3,18,Yes,No
97,Engineering,5,8407,0,2,No,Yes
98,Engineering,8,11645,1,4,No,No
99,Sales,7,8623,1,1,No,Yes
100,Sales,16,16445,3,9,No,No
101,Sales,40,42096,2,15,No,No
102,HR,5,7681,0,1,No,No
103,Engineering,5,8058,0,2,Yes,No
104,Engineering,15,18175,3,5,Yes,Yes
105,Operations,11,11837,0,4,No,No
106,Sales,26,27021,4,6,Yes,No
107,Engineering,11,14013,1,3,No,No
108,Finance,5,8503,1,1,No,Yes
109,Sales,11,12721,1,2,No,No
110,Sales,16,17559,3,11,No,No
111,Sales,13,15564,2,2,No,No
112,Sales,10,12305,0,4,No,Yes
113,Operations,15,14402,3,4,Yes,Yes
114,Marketing,16,16159,3,6,No,No
115,HR,19,17059,4,14,Yes,Yes
116,Marketing,11,11974,4,3,No,Yes
117,Marketing,6,8175,0,4,No,No
118,Sales,8,11665,2,2,No,No
119,Marketing,17,17862,3,10,Yes,No
120,Engineering,4,7537,0,2,Yes,Yes
121,Marketing,9,11201,1,6,No,No
122,Marketing,5,7366,0,2,No,No
123,Engineering,7,11634,1,3,No,Yes
124,Sales,18,19925,3,5,No,Yes
125,Sales,8,10464,0,2,No,No
126,Engineering,7,11105,1,5,Yes,Yes
127,Marketing,2,4848,0,0,No,No
128,Marketing,12,12018,1,5,No,No
129,Sales,11,12024,1,7,Yes,No
130,Engineering,33,38310,8,13,No,No
131,Engineering,5,9600,0,3,Yes,No
132,Sales,8,12110,1,5,No,Yes
133,Sales,8,10989,1,4,Yes,Yes
134,Engineering,22,27525,5,16,No,No
135,Operations,6,7238,1,1,Yes,No
136,Engineering,8,11368,2,2,No,Yes
137,Engineering,11,14038,2,5,No,No
138,Finance,8,10703,1,2,No,No
139,Engineering,5,8612,1,3,No,No
140,Operations,8,9292,2,6,No,No
141,Operations,15,12643,2,6,Yes,Yes
142,Sales,3,6337,0,1,Yes,Yes
143,Engineering,8,10927,1,6,Yes,No
144,Engineering,4,7759,0,1,No,Yes
145,Sales,17,21562,3,8,Yes,No
146,Sales,2,5098,0,0,No,No
147,HR,4,5651,0,2,No,No
148,Engineering,9,12592,1,4,Yes,No
149,Sales,22,24991,6,14,Yes,Yes
150,Sales,7,10866,1,4,Yes,Yes
151,Operations,5,6832,1,2,Yes,No
152,Sales,27,28440,4,12,Yes,No
153,Sales,2,5178,0,1,Yes,No
154,Engineering,1,4528,0,0,No,Yes
155,Operations,10,13109,2,6,No,No
156,Sales,5,7238,1,3,Yes,No
157,Finance,3,6453,0,1,No,Yes
158,Finance,12,15558,2,7,Yes,Yes
159,Sales,8,11304,0,5,No,No
160,Finance,4,7377,0,2,No,Yes
161,Engineering,3,6716,0,1,Yes,No
162,HR,13,12493,2,2,Yes,Yes
163,HR,11,11633,2,4,No,No
164,Engineering,6,9525,1,3,No,Yes
165,Sales,26,27802,5,12,Yes,No
166,Marketing,3,5811,0,1,No,No
167,Engineering,2,5658,0,0,Yes,Yes
168,Sales,4,7009,0,2,Yes,No
169,Sales,7,10353,1,2,No,No
170,HR,8,9230,0,5,No,No
171,Finance,6,8238,1,3,No,No
172,Sales,9,12419,2,2,No,No
173,Engineering,3,6337,0,1,Yes,No
174,Sales,20,19949,5,12,No,No
175,HR,6,7562,0,2,No,No
176,Sales,16,19515,4,5,No,Yes
177,Finance,9,10294,2,7,No,No
178,Engineering,10,17163,1,6,Yes,No
179,Operations,11,12742,2,8,No,No
180,Sales,10,12496,1,4,No,No
181,Engineering,11,14877,1,5,No,Yes
182,Sales,18,19792,2,13,Yes,No
183,Operations,8,9896,1,4,No,Yes
184,Marketing,12,13719,1,7,No,No
185,Sales,6,9073,1,2,Yes,Yes
186,Finance,20,22871,3,9,No,No
187,Marketing,4,6636,0,1,Yes,No
188,HR,26,21936,4,8,Yes,No
189,Engineering,7,10638,0,1,No,No
190,Sales,2,5459,0,0,No,Yes
191,Sales,8,10957,0,6,No,No
192,Marketing,4,5759,0,1,Yes,Yes
193,Operations,13,14028,1,7,No,No
194,HR,4,6436,1,2,Yes,No
195,Engineering,5,8690,1,2,Yes,No
196,Engineering,1,4499,0,0,Yes,Yes
197,Finance,5,8839,1,3,No,No
198,Marketing,1,4375,0,0,No,No
199,Marketing,2,4976,0,1,No,Yes
200,Finance,12,15488,2,7,No,No
201,HR,12,11300,2,9,Yes,No
202,Sales,9,10327,2,4,No,No
203,Sales,3,5974,0,1,No,No
204,Marketing,7,9582,1,4,No,Yes
205,HR,7,9020,0,1,Yes,No
206,Sales,3,6275,0,2,No,No
207,Sales,21,23319,4,5,No,No
208,Finance,13,16624,2,5,No,No
209,Sales,6,8441,0,4,No,No
210,Sales,7,9926,2,3,Yes,No
211,Engineering,8,12485,2,3,No,Yes
212,Finance,1,4532,0,0,Yes,Yes
213,Finance,6,9944,1,4,No,No
214,Sales,4,7269,0,1,No,No
215,Finance,3,6481,0,2,Yes,Yes
216,Sales,6,9345,1,1,No,No
217,Engineering,26,30468,5,17,No,No
218,Finance,11,13128,1,7,Yes,Yes
219,HR,4,6333,0,1,No,No
220,Marketing,11,11644,2,5,Yes,Yes
221,Finance,19,20508,1,5,No,No
222,HR,14,13434,2,8,No,No
223,Sales,7,9171,1,3,No,No
224,Engineering,4,7531,1,2,No,Yes
225,Sales,12,12060,2,3,No,No
226,Sales,9,11588,1,2,No,No
227,Operations,13,13381,2,2,Yes,Yes
228,Engineering,11,14005,1,4,No,Yes
229,Marketing,15,16291,3,8,No,No
230,HR,5,7437,0,3,Yes,No
231,Finance,18,18002,3,10,No,No
232,Engineering,8,11185,2,3,No,No
233,HR,31,24103,3,23,No,No
234,Engineering,4,7269,0,2,Yes,No
235,Sales,24,26371,3,18,Yes,No
236,Finance,8,11031,2,4,Yes,Yes
237,Sales,4,6926,0,1,No,Yes
238,Sales,5,7018,0,1,Yes,No
239,HR,5,7328,0,3,No,No
240,Sales,9,10438,2,2,Yes,Yes
241,Operations,10,11145,2,3,No,No
242,Operations,4,6624,0,2,Yes,Yes
243,Operations,7,9543,1,3,No,No
244,Engineering,33,33328,8,18,Yes,No
245,Sales,24,18242,2,7,No,No
246,Operations,10,11239,1,4,Yes,No
247,Engineering,7,12090,1,3,No,No
248,Operations,8,10333,1,6,No,No
249,Operations,11,12035,1,7,Yes,No
250,Marketing,3,5782,0,2,No,No
251,Sales,6,9206,0,3,No,No
252,Engineering,2,5377,0,1,Yes,Yes
253,Marketing,9,11042,2,2,No,No
254,Engineering,11,15518,1,6,Yes,Yes
255,Sales,5,8366,1,2,No,No
256,HR,22,23711,4,12,No,No
257,Operations,3,5869,0,1,Yes,No
258,Finance,2,5322,0,1,No,Yes
259,HR,8,9245,1,3,No,Yes
260,Sales,15,14364,2,7,No,No
261,HR,24,19579,5,7,No,No
262,Operations,5,7144,1,3,No,No
263,Sales,15,16008,2,4,No,No
264,Engineering,7,10890,1,1,Yes,Yes
265,Marketing,6,7905,1,2,No,No
266,Finance,13,17379,1,7,No,No
267,Finance,11,14060,2,5,No,No
268,Finance,2,5418,0,0,No,No
269,Engineering,20,23617,4,10,No,No
270,Sales,19,20479,5,7,No,No
271,Marketing,4,6964,0,3,No,No
272,Marketing,9,10075,1,6,No,No
273,Marketing,10,10973,1,5,No,No
274,Operations,8,9395,1,3,No,No
275,Engineering,5,8000,1,3,Yes,Yes
276,Engineering,4,7319,0,0,No,No
277,Finance,7,9899,1,3,No,Yes
278,HR,16,16027,3,6,No,No
279,Finance,10,13352,1,7,Yes,Yes
280,Finance,5,8392,0,1,Yes,Yes
281,Marketing,12,13916,2,6,No,No
282,Engineering,1,4525,0,0,Yes,Yes
283,Engineering,16,20789,3,7,Yes,No
284,Sales,2,5241,0,0,No,Yes
285,HR,5,7195,0,3,No,No
286,Sales,3,5986,0,1,Yes,Yes
287,Engineering,2,5072,0,1,Yes,No
288,Engineering,16,19916,3,5,No,No
289,Sales,5,8526,1,2,No,No
290,HR,9,10580,2,4,No,No
291,Sales,7,10254,0,1,No,No
292,Sales,10,13387,3,2,No,No
293,Marketing,7,9149,1,4,No,No
294,Engineering,3,6681,0,1,Yes,Yes
295,Sales,14,15059,2,4,Yes,No
296,Engineering,5,8535,1,2,Yes,Yes
297,Finance,2,5538,0,1,No,No
298,Sales,5,8429,1,1,Yes,No
299,HR,21,18409,4,11,No,No
300,Sales,13,14424,2,3,Yes,Yes
301,Sales,5,7900,1,1,No,Yes
302,Engineering,5,9012,1,1,No,No
303,Engineering,5,7949,0,3,Yes,No
304,HR,31,20694,4,8,No,Yes
305,Finance,9,11664,1,2,Yes,Yes
306,Operations,9,9505,1,4,No,No
307,Engineering,15,18307,2,10,Yes,No
308,Engineering,8,11697,2,2,No,Yes
309,Finance,6,8998,0,2,Yes,Yes
310,Sales,6,9546,1,1,No,No
311,Engineering,7,11017,0,3,Yes,Yes
312,Sales,7,9845,1,3,No,Yes
313,Sales,12,14717,2,6,Yes,No
314,Operations,7,8214,1,2,No,No
315,Marketing,12,14097,1,4,Yes,Yes
316,Finance,6,9216,1,1,Yes,Yes
317,Engineering,7,11268,1,2,Yes,Yes
318,Sales,1,4285,0,0,Yes,Yes
319,Sales,14,13905,2,9,Yes,No
320,Sales,9,12067,2,7,No,No
321,Engineering,14,18608,2,10,No,No
322,Finance,0,3500,0,0,No,No
323,Finance,31,30671,8,17,No,No
324,Sales,6,9374,1,3,No,Yes
325,Operations,16,14213,2,5,Yes,Yes
326,Finance,3,6853,0,1,No,No
327,HR,11,10706,1,5,No,No
328,HR,3,5797,0,1,No,Yes
329,Engineering,4,7523,0,2,Yes,No
330,Sales,28,29626,2,10,No,No
331,Engineering,6,9400,0,2,Yes,No
332,Finance,8,11054,1,6,Yes,Yes
333,Sales,13,14986,2,3,Yes,Yes
334,Sales,10,11418,1,4,No,No
335,Sales,8,11061,1,5,No,No
336,Sales,9,11013,1,5,No,No
337,Marketing,39,33986,7,20,No,Yes
338,Finance,7,9551,1,2,No,No
339,Engineering,8,9688,2,3,Yes,Yes
340,Sales,15,16447,4,10,Yes,No
341,Engineering,16,24154,2,8,Yes,Yes
342,Engineering,16,21445,2,8,No,No
343,Sales,11,13161,2,2,No,No
344,Engineering,3,6537,0,0,Yes,Yes
345,Engineering,23,27473,4,17,Yes,Yes
346,HR,3,5778,0,1,Yes,No
347,HR,9,9214,0,5,No,No
348,Sales,4,7412,1,0,No,No
349,Engineering,7,11300,1,4,No,No
350,HR,9,10445,1,6,No,No
351,Engineering,9,13270,1,4,Yes,No
352,Marketing,9,10714,1,2,No,Yes
353,Finance,22,26041,2,12,Yes,No
354,Sales,10,12820,2,6,No,No
355,Sales,6,8593,1,2,No,No
356,HR,14,13001,3,10,Yes,No
357,Sales,16,17723,4,9,No,No
358,HR,3,5994,0,2,No,Yes
359,Operations,11,10824,2,6,No,No
360,HR,12,10872,2,3,No,No
361,Engineering,5,8785,1,1,No,No
362,HR,19,17249,1,6,No,No
363,Engineering,6,9848,1,4,Yes,No
364,Engineering,8,12022,1,5,Yes,No
365,Operations,6,7958,1,3,Yes,Yes
366,Engineering,7,11864,1,2,Yes,No
367,Operations,3,5414,0,0,No,No
368,Operations,2,4894,0,1,No,No
369,Sales,22,22660,4,10,Yes,Yes
370,Sales,4,6441,0,1,No,No
371,Sales,3,6093,0,1,Yes,No
372,Sales,1,4526,0,0,Yes,Yes
373,Sales,4,7027,0,1,Yes,No
374,Finance,2,5464,0,0,No,No
375,Sales,23,21189,3,6,Yes,No
376,Engineering,14,17162,1,11,Yes,Yes
377,Marketing,4,6579,0,1,No,No
378,Sales,35,33321,7,9,No,No
379,Marketing,14,16135,3,4,Yes,Yes
380,Sales,5,8145,1,3,Yes,Yes
381,Sales,1,4282,0,0,Yes,Yes
382,Finance,36,38911,8,19,No,No
383,HR,2,5011,0,0,Yes,Yes
384,Marketing,2,5282,0,0,No,No
385,Finance,15,20175,1,7,No,No
386,Marketing,40,32251,3,27,No,No
387,Sales,19,18864,3,13,No,No
388,Sales,10,11193,2,2,Yes,No
389,Finance,11,13812,2,5,Yes,Yes
390,Marketing,13,14385,2,9,No,No
391,Operations,12,13520,1,5,No,No
392,Engineering,8,11756,1,5,Yes,Yes
393,Engineering,7,10547,0,1,Yes,No
394,Finance,7,10321,1,5,No,No
395,Engineering,4,7312,0,2,Yes,Yes
396,Operations,6,9012,0,4,No,No
397,Marketing,2,4842,0,1,No,No
398,Engineering,6,9855,1,2,Yes,Yes
399,Finance,3,6962,0,2,Yes,Yes
400,Finance,3,6381,0,1,Yes,No
401,Sales,8,10406,2,3,No,No
402,Operations,19,17423,4,11,No,No
403,Engineering,14,17797,1,9,No,No
404,Marketing,2,5319,0,1,No,Yes
405,Engineering,3,5929,0,0,No,No
406,Marketing,14,16417,3,9,Yes,No
407,Engineering,3,6175,0,1,Yes,Yes
408,Sales,6,8639,1,1,No,No
409,Operations,10,10773,2,4,Yes,No
410,Sales,3,6295,0,1,Yes,No
411,Engineering,7,9616,1,2,No,No
412,Operations,2,5090,0,1,Yes,Yes
413,Operations,4,7155,1,2,No,No
414,HR,9,9096,1,5,No,Yes
415,HR,2,4967,0,1,Yes,No
416,Engineering,10,13211,0,4,No,Yes
417,Sales,7,9922,1,4,Yes,Yes
418,Engineering,10,13919,0,4,Yes,Yes
419,Finance,8,10687,1,5,No,No
420,Finance,19,22629,4,5,Yes,No
421,Finance,8,12565,1,6,No,No
422,Finance,5,8208,1,1,Yes,Yes
423,Sales,8,11046,1,3,No,No
424,Engineering,10,12554,2,6,Yes,No
425,Sales,7,9070,1,3,No,Yes
426,Engineering,7,11123,1,3,No,No
427,Engineering,4,8277,0,1,Yes,No
428,Marketing,4,6813,0,2,No,No
429,Engineering,2,5514,0,0,Yes,No
430,Sales,25,25498,5,5,Yes,No
431,Sales,3,5809,0,1,No,No
432,Finance,4,7572,0,1,No,No
433,HR,4,6634,1,1,Yes,Yes
434,Sales,13,14422,3,5,Yes,Yes
435,Sales,6,8531,1,2,Yes,No
436,Finance,17,20253,5,3,No,No
437,Sales,4,6866,0,2,Yes,No
438,Marketing,8,9857,1,5,No,Yes
439,Finance,4,8146,0,1,No,No
440,Sales,33,31822,8,18,Yes,Yes
441,Sales,3,6045,0,1,No,Yes
442,Operations,9,9897,2,4,No,No
443,Engineering,11,15791,3,6,No,No
444,Engineering,9,12690,2,4,Yes,Yes
445,Marketing,6,7988,1,3,No,No
446,Operations,6,8662,0,1,No,No
447,Operations,7,9575,1,4,No,No
448,Finance,6,8914,1,3,No,No
449,Engineering,14,15342,3,3,No,No
450,Sales,34,36434,6,14,No,No
451,Finance,5,7971,0,3,No,No
452,HR,2,5053,0,0,Yes,No
453,Engineering,6,8510,0,3,No,Yes
454,Operations,40,36613,8,29,No,No
455,Sales,4,6593,0,2,No,No
456,Engineering,23,29167,4,12,No,Yes
457,Sales,23,23768,5,15,Yes,No
458,Engineering,5,8203,0,3,No,No
459,Sales,11,12785,2,5,No,Yes
460,Sales,23,25129,5,11,Yes,No
461,Sales,5,7946,1,2,No,No
462,HR,6,8072,2,4,Yes,No
463,Finance,4,8098,0,2,No,No
464,HR,3,5322,0,0,Yes,No
465,Operations,4,7031,0,2,Yes,Yes
466,Engineering,3,6652,0,1,No,No
467,Sales,7,9106,1,1,No,Yes
468,Marketing,4,6274,0,2,No,Yes
469,Sales,8,10406,1,3,No,No
470,Operations,2,5160,0,1,Yes,Yes
471,Sales,9,11318,2,2,Yes,Yes
472,Operations,13,14873,2,9,No,No
473,Sales,1,4252,0,0,Yes,No
474,Marketing,9,10691,2,2,No,Yes
475,Engineering,17,18965,3,13,No,No
476,Operations,3,5862,0,1,No,Yes
477,Sales,23,25535,3,8,No,No
478,HR,9,9707,1,4,Yes,Yes
479,Operations,4,5748,1,2,Yes,Yes
480,Engineering,7,10924,2,2,No,No
481,HR,10,11014,1,3,No,No
482,Finance,7,10491,1,1,No,No
483,Engineering,10,15185,1,3,Yes,No
484,HR,3,5428,0,2,No,Yes
485,HR,8,9651,1,3,No,No
486,Operations,2,5201,0,0,No,No
487,Sales,6,7840,0,1,Yes,Yes
488,Sales,3,6224,0,1,Yes,Yes
489,Operations,4,6386,0,3,No,No
490,Marketing,17,16989,4,6,Yes,No
491,Engineering,15,19642,2,11,No,No
492,HR,11,11034,1,5,No,Yes
493,Sales,3,5961,0,0,No,Yes
494,Sales,5,7915,1,3,No,No
495,Engineering,17,19257,2,8,Yes,Yes
496,Engineering,8,10916,2,5,No,No
497,HR,37,31949,8,29,No,No
498,Sales,9,10510,1,2,No,No
499,Operations,8,9985,1,2,No,No
500,Operations,5,7475,1,3,No,No
501,Finance,8,9854,1,2,Yes,No
502,Engineering,6,9317,1,1,Yes,Yes
503,Engineering,12,17470,0,2,No,Yes
504,Marketing,14,13601,3,2,No,No
505,Finance,4,7161,0,2,No,Yes
506,Sales,2,5341,0,0,No,No
507,Operations,2,5139,0,0,Yes,Yes
508,Marketing,10,11298,1,5,Yes,Yes
509,Operations,3,5643,0,1,No,No
510,Finance,1,4596,0,0,No,No
511,HR,9,11106,2,6,No,No
512,Engineering,40,49172,2,8,Yes,No
513,Operations,7,8865,1,4,No,No
514,Marketing,13,13059,2,9,No,No
515,Sales,7,9148,0,3,Yes,Yes
516,Sales,6,9055,0,3,No,No
517,Engineering,14,18669,4,6,Yes,No
518,Marketing,6,8972,0,2,No,No
519,Operations,8,9975,1,5,No,No
520,Sales,9,10229,2,6,No,No
521,HR,4,6682,0,1,No,No
522,Engineering,14,16606,2,7,No,No
523,Operations,6,7884,1,4,No,No
524,Marketing,4,6780,0,3,Yes,Yes
525,Marketing,10,13096,2,5,Yes,Yes
526,Engineering,3,7590,0,1,No,No
527,Engineering,7,11221,1,2,No,Yes
528,Sales,7,9547,1,5,No,No
529,Sales,15,17405,4,4,No,Yes
530,Marketing,10,12210,1,5,Yes,No
531,Marketing,7,8920,0,2,No,No
532,Operations,13,15153,2,4,No,No
533,Operations,19,18272,6,8,No,No
534,HR,10,11058,1,7,No,No
535,Finance,7,10667,1,1,Yes,Yes
536,Operations,2,5084,0,1,Yes,Yes
537,Marketing,3,6101,0,0,No,Yes
538,Sales,5,7628,0,1,No,No
539,Engineering,4,7427,1,1,Yes,Yes
540,Sales,6,8199,2,3,Yes,No
541,Operations,7,9053,1,2,Yes,Yes
542,HR,10,11260,1,3,No,No
543,Sales,7,9941,0,1,No,No
544,Finance,10,14707,2,3,No,No
545,HR,7,8537,1,5,No,No
546,Engineering,1,4609,0,0,No,No
547,Sales,3,5851,0,1,Yes,Yes
548,Finance,6,9037,0,3,Yes,Yes
549,Engineering,3,6837,0,2,Yes,No
550,Finance,11,14956,2,2,Yes,Yes
551,Engineering,21,24697,5,14,Yes,No
552,Marketing,17,17002,1,13,No,No
553,HR,6,7164,1,1,No,No
554,HR,20,17385,4,5,No,No
555,Marketing,8,10469,2,6,No,No
556,Engineering,5,8999,0,2,Yes,Yes
557,Sales,4,7196,0,0,Yes,Yes
558,Sales,5,7921,0,1,No,No
559,Finance,5,8303,1,2,No,No
560,HR,8,8879,2,4,No,No
561,Finance,8,11716,1,5,Yes,Yes
562,Sales,7,9919,1,5,No,Yes
563,Sales,10,12732,1,3,Yes,Yes
564,Sales,17,17673,4,8,No,No
565,Engineering,14,14924,1,7,No,No
566,HR,2,5097,0,0,No,No
567,Engineering,1,4490,0,0,No,No
568,Engineering,14,16803,4,11,Yes,No
569,Operations,2,5125,0,1,No,Yes
570,Engineering,6,9495,1,2,No,No
571,Engineering,3,6950,0,1,Yes,No
572,Finance,2,5538,0,0,No,No
573,Engineering,10,14610,2,5,Yes,Yes
574,HR,12,10959,2,7,No,No
575,Marketing,4,7087,0,2,No,No
576,Operations,1,4279,0,0,No,No
577,Sales,5,7737,1,2,Yes,Yes
578,Operations,9,10438,0,3,Yes,No
579,Engineering,2,5210,0,1,No,Yes
580,Sales,8,10827,1,2,No,No
581,Engineering,7,10030,0,3,No,No
582,Operations,11,10729,1,4,Yes,No
583,Engineering,8,10553,0,3,No,Yes
584,Engineering,3,6967,0,2,No,No
585,HR,17,14969,2,8,No,No
586,Sales,6,9589,1,4,Yes,Yes
587,Sales,7,9329,1,3,No,No
588,Sales,3,5689,0,1,No,No
589,Sales,5,7408,1,3,No,No
590,Sales,3,6466,0,1,No,Yes
591,Sales,6,8697,1,2,No,No
592,HR,24,19832,3,12,No,No
593,Sales,2,5288,0,0,Yes,No
594,Engineering,2,5684,0,0,Yes,No
595,Marketing,20,21287,1,11,No,No
596,Engineering,6,10643,0,3,No,No
597,Finance,4,7201,0,1,No,Yes
598,Sales,15,14949,2,11,No,No
599,Sales,4,6874,0,2,Yes,Yes
600,Sales,26,26975,4,18,No,No
601,Sales,11,12247,3,3,Yes,No
602,Sales,5,7478,1,2,No,Yes
603,Sales,33,33538,7,23,No,No
604,Sales,4,7002,1,2,No,No
605,Sales,12,14094,3,7,No,No
606,Engineering,9,12150,1,3,Yes,Yes
607,Sales,18,18975,2,4,No,Yes
608,Engineering,22,24265,4,10,Yes,No
609,Engineering,7,11428,1,3,Yes,No
610,Finance,4,7737,0,2,No,No
611,Sales,10,10675,1,3,No,Yes
612,Finance,4,6983,0,3,No,No
613,HR,30,21867,5,23,No,Yes
614,Sales,8,10082,1,2,No,No
615,Marketing,5,7466,1,2,Yes,Yes
616,Operations,8,8698,0,5,No,Yes
617,Sales,2,5097,0,1,Yes,No
618,Sales,3,5874,0,1,Yes,No
619,Marketing,17,17381,5,6,No,Yes
620,Finance,4,7366,0,2,No,No
621,Sales,3,5949,0,1,Yes,Yes
622,Sales,10,12455,2,3,Yes,Yes
623,Engineering,16,19230,3,10,No,No
624,Engineering,12,15640,2,2,Yes,No
625,HR,14,15266,3,3,Yes,Yes
626,Engineering,4,8217,0,1,Yes,Yes
627,Engineering,2,5309,0,0,Yes,Yes
628,Finance,21,25332,4,8,No,Yes
629,Sales,5,8257,0,2,No,Yes
630,Sales,6,8173,1,2,No,No
631,Finance,18,22194,2,5,No,Yes
632,Marketing,10,12730,1,3,No,No
633,Engineering,10,12732,3,7,Yes,No
634,Engineering,33,34671,4,14,Yes,Yes
635,Sales,4,7378,0,1,No,No
636,Engineering,14,18455,2,7,Yes,No
637,Engineering,7,11181,1,5,No,Yes
638,Sales,8,10779,1,2,No,No
639,Sales,21,22702,2,12,Yes,No
640,Engineering,10,12520,1,6,No,No
641,Sales,10,13221,1,5,No,No
642,Engineering,15,20924,2,3,No,No
643,Sales,5,7799,1,3,No,Yes
644,Engineering,4,7641,0,0,No,Yes
645,Sales,3,5735,0,1,No,Yes
646,Marketing,1,4341,0,0,No,No
647,HR,31,27096,6,10,No,Yes
648,Finance,3,6362,0,2,Yes,Yes
649,Finance,6,9907,1,1,Yes,Yes
650,Engineering,6,9531,1,4,No,Yes
651,Sales,9,11867,2,4,Yes,No
652,Engineering,13,15641,3,4,Yes,Yes
653,HR,13,12837,3,3,No,Yes
654,Finance,4,7273,0,3,Yes,No
655,Engineering,6,9880,2,1,No,No
656,Sales,9,11127,2,2,No,No
657,Sales,6,8710,1,2,No,No
658,Engineering,22,28269,2,12,Yes,Yes
659,HR,10,10385,1,5,Yes,No
660,HR,12,10751,2,3,No,Yes
661,Engineering,11,16941,2,4,No,No
662,Operations,16,17339,2,5,No,No
663,HR,8,8515,1,2,No,No
664,Sales,2,5381,0,0,Yes,No
665,Sales,9,11021,2,5,No,No
666,Sales,4,7112,0,1,Yes,No
667,Sales,5,8029,0,2,No,No
668,Sales,11,12953,1,4,No,No
669,Sales,17,17287,3,13,Yes,Yes
670,Sales,7,9234,1,5,Yes,Yes
671,Sales,9,10694,1,6,Yes,No
672,Marketing,24,21102,2,8,No,No
673,Sales,8,10492,1,1,No,No
674,Engineering,40,42122,6,15,Yes,Yes
675,Engineering,10,14609,0,3,No,No
676,Operations,2,5246,0,1,Yes,Yes
677,Sales,12,13447,3,7,No,No
678,Engineering,9,13084,1,6,Yes,No
679,Operations,18,17863,3,12,No,No
680,Marketing,11,12715,1,4,No,No
681,Marketing,6,8336,1,3,No,No
682,Sales,3,6336,0,1,No,Yes
683,Sales,6,9034,1,1,No,No
684,Finance,4,6864,1,2,No,No
685,Operations,4,6804,0,0,No,No
686,HR,11,12122,1,4,No,No
687,HR,23,18795,4,9,No,No
688,Sales,9,11450,1,5,Yes,Yes
689,Finance,3,6576,0,1,No,No
690,Sales,10,12115,1,3,Yes,Yes
691,Engineering,17,23077,3,11,No,No
692,Engineering,4,8643,0,1,Yes,Yes
693,Engineering,6,9249,1,2,No,No
694,Sales,7,8809,0,4,Yes,Yes
695,Sales,4,7126,0,2,Yes,Yes
696,HR,11,11991,1,8,No,No
697,Sales,6,8658,1,2,No,No
698,HR,9,10921,0,5,No,No
699,Sales,3,5786,0,1,No,No
700,Engineering,5,9060,1,3,No,No
701,Engineering,12,15223,2,3,No,Yes
702,Sales,5,8656,0,3,Yes,Yes
703,Engineering,24,33433,4,12,Yes,Yes
704,Sales,5,7562,0,1,Yes,No
705,Sales,8,10153,1,3,No,No
706,Operations,14,15054,2,5,Yes,Yes
707,Engineering,2,5499,0,1,Yes,Yes
708,Marketing,2,5092,0,1,Yes,No
709,Sales,2,5264,0,1,Yes,Yes
710,Finance,17,16687,1,9,No,No
711,Finance,5,8293,0,2,Yes,Yes
712,HR,40,30313,7,9,Yes,Yes
713,Engineering,4,7454,0,1,Yes,Yes
714,Engineering,8,13021,1,3,Yes,Yes
715,Engineering,21,22595,4,8,Yes,No
716,Operations,30,28154,8,9,No,No
717,Marketing,31,27608,7,15,No,No
718,Operations,17,16058,3,6,No,No
719,Sales,15,17743,2,5,No,No
720,Finance,11,14419,1,5,No,No
721,Operations,12,13140,3,3,Yes,No
722,Sales,5,8326,0,3,No,No
723,Sales,4,6903,0,2,No,Yes
724,Finance,7,9808,1,4,No,Yes
725,HR,6,7351,1,1,No,No
726,Marketing,5,7169,0,3,Yes,No
727,Sales,12,17174,2,8,No,No
728,Finance,14,18612,2,9,No,No
729,Sales,7,8827,1,1,No,No
730,Sales,20,18772,3,11,Yes,Yes
731,Sales,3,6267,0,2,Yes,Yes
732,Marketing,6,8562,0,3,Yes,Yes
733,Finance,4,7550,1,2,No,No
734,Engineering,2,5526,0,0,Yes,No
735,Engineering,6,9661,1,3,Yes,Yes
736,Marketing,6,8457,1,1,No,No
737,Engineering,21,25527,3,12,Yes,No
738,Marketing,11,10347,2,2,No,No
739,Engineering,3,6548,0,1,Yes,No
740,Engineering,27,29189,1,10,No,No
741,Engineering,17,21489,3,8,No,No
742,Engineering,11,18355,0,3,No,Yes
743,Finance,6,9471,0,3,No,No
744,Engineering,3,6522,0,2,Yes,Yes
745,Sales,5,8305,0,1,Yes,No
746,Marketing,15,16079,1,3,Yes,No
747,Engineering,27,32759,5,7,No,No
748,Engineering,21,26665,6,15,No,No
749,Operations,5,8081,0,2,No,No
750,HR,3,5415,0,1,No,No
751,Sales,8,10873,2,2,Yes,Yes
752,Operations,2,4879,0,1,No,Yes
753,HR,9,10339,1,6,No,No
754,Engineering,6,9166,0,4,Yes,No
755,Sales,5,7716,1,2,No,Yes
756,Finance,2,5363,0,0,Yes,Yes
757,HR,10,11402,2,2,No,No
758,Engineering,5,9177,0,1,No,No
759,Marketing,3,5601,0,1,Yes,No
760,Finance,0,3500,0,0,No,No
761,Sales,7,9222,1,2,Yes,No
762,Engineering,25,26227,7,10,No,No
763,Sales,23,23300,5,17,No,No
764,Finance,5,8151,0,2,Yes,Yes
765,Sales,4,7874,1,2,No,No
766,HR,10,11011,2,6,No,No
767,Finance,3,5983,0,0,No,Yes
768,Marketing,9,10293,2,5,Yes,Yes
769,Engineering,12,17254,1,4,No,No
770,Marketing,17,19940,3,9,No,No
771,Sales,6,7942,1,2,Yes,No
772,Marketing,6,7397,0,4,No,No
773,Sales,3,6633,0,1,Yes,Yes
774,Engineering,4,7822,1,1,No,No
775,Finance,6,8759,0,4,Yes,Yes
776,Sales,9,11843,1,1,Yes,No
777,Sales,14,12572,3,8,No,No
778,Finance,4,7341,0,2,No,Yes
779,Finance,21,24320,4,14,No,No
780,HR,6,8219,0,4,No,Yes
781,Finance,7,9538,1,5,No,No
782,Engineering,4,7695,0,0,Yes,Yes
783,Sales,1,4298,0,0,Yes,Yes
784,Engineering,13,17365,3,7,No,No
785,Sales,12,13114,3,7,Yes,Yes
786,Operations,6,7873,1,1,No,Yes
787,HR,7,8038,1,4,No,No
788,Engineering,10,14577,2,7,Yes,No
789,Engineering,2,5758,0,1,Yes,No
790,Operations,5,7210,1,2,No,No
791,Sales,12,14100,2,2,No,No
792,HR,3,5347,0,1,No,No
793,Engineering,9,12579,1,6,No,No
794,HR,2,4932,0,1,Yes,Yes
795,Sales,10,14606,1,4,No,No
796,Marketing,7,8477,1,1,No,No
797,Operations,2,5242,0,0,No,No
798,HR,16,16168,2,7,Yes,No
799,Finance,4,7447,0,3,Yes,Yes
800,Operations,4,7074,0,2,No,Yes
801,Finance,8,11465,2,3,No,Yes
802,Sales,16,18127,4,8,Yes,No
803,HR,3,5648,0,0,No,No
804,HR,7,9156,0,5,No,No
805,Engineering,9,13886,1,3,No,Yes
806,Finance,12,14299,1,5,Yes,No
807,Operations,8,8777,1,3,Yes,Yes
808,Operations,5,7222,0,3,Yes,Yes
809,Engineering,4,7327,1,2,No,No
810,Sales,7,9620,1,4,No,No
811,Operations,3,6062,0,1,No,No
812,Marketing,0,3500,0,0,No,Yes
813,Sales,10,12262,3,2,Yes,No
814,Operations,13,13437,1,7,No,No
815,Marketing,1,4367,0,0,No,No
816,Engineering,3,5918,0,1,Yes,No
817,HR,11,10939,1,7,Yes,Yes
818,Engineering,31,36421,8,22,No,No
819,Sales,7,10399,1,3,No,No
820,Engineering,4,7455,0,1,Yes,Yes
821,Marketing,6,7399,0,1,No,No
822,Sales,19,21256,2,11,No,No
823,Engineering,4,7395,1,2,Yes,No
824,Engineering,4,7165,0,1,Yes,Yes
825,Engineering,5,8375,1,2,Yes,Yes
826,Operations,3,5737,0,2,No,No
827,Engineering,8,11316,1,5,Yes,Yes
828,Engineering,23,22144,6,7,Yes,No
829,Finance,9,12915,1,4,No,No
830,Engineering,6,10535,1,1,No,No
831,Sales,6,9124,1,1,Yes,No
832,Engineering,2,5343,0,1,Yes,No
833,Sales,13,14709,2,8,No,No
834,Sales,6,8776,1,3,No,No
835,Engineering,6,10113,1,1,No,No
836,Engineering,40,47880,8,28,Yes,No
837,Operations,9,9837,1,4,No,No
838,Engineering,4,7694,0,1,No,No
839,HR,5,7264,1,2,No,No
840,HR,16,16697,4,4,No,No
841,Sales,7,10093,0,4,No,No
842,Finance,2,5571,0,1,Yes,No
843,Sales,14,15923,1,4,No,No
844,Operations,4,6968,0,1,No,No
845,Sales,27,28233,8,8,No,No
846,Engineering,15,17756,2,3,Yes,Yes
847,Sales,5,8517,0,2,No,No
848,Operations,18,18134,4,12,No,No
849,Engineering,7,10457,0,1,Yes,Yes
850,HR,13,12411,2,2,No,Yes
851,Sales,10,12560,2,5,No,No
852,Finance,4,7517,0,2,No,No
853,Sales,4,7089,0,1,No,No
854,Marketing,15,15873,3,6,No,No
855,Sales,5,8647,1,2,Yes,Yes
856,Sales,5,8371,1,1,No,No
857,Sales,3,6190,0,0,No,No
858,Engineering,9,13741,1,5,No,Yes
859,HR,31,23515,5,17,No,Yes
860,Sales,3,6245,0,1,No,No
861,Finance,7,11435,1,4,Yes,Yes
862,Engineering,19,22829,3,11,No,No
863,Engineering,6,9211,0,1,Yes,Yes
864,Engineering,10,13221,1,4,Yes,No
865,Engineering,3,6280,0,0,Yes,No
866,HR,9,9471,1,2,No,No
867,Sales,6,8584,1,3,Yes,No
868,Sales,14,14088,2,10,Yes,No
869,Marketing,16,16319,3,12,Yes,No
870,Operations,40,36642,6,23,Yes,No
871,Engineering,11,13901,2,3,No,Yes
872,Sales,9,12623,2,2,No,No
873,HR,8,9554,1,5,No,No
874,Engineering,5,9235,0,2,No,No
875,Sales,9,10898,1,5,No,No
876,Sales,6,9231,1,4,No,No
877,Finance,8,10341,1,4,No,No
878,Finance,18,22318,1,12,No,No
879,Sales,3,6185,0,0,Yes,No
880,Sales,16,18358,5,10,Yes,Yes
881,Sales,18,17477,3,12,Yes,No
882,Finance,6,8744,0,2,No,No
883,Sales,1,4432,0,0,Yes,No
884,Sales,4,6686,0,1,Yes,Yes
885,Finance,18,21580,4,13,Yes,Yes
886,Sales,7,8817,0,1,No,No
887,Finance,3,6624,0,1,No,No
888,Sales,5,7357,1,1,Yes,No
889,Sales,13,15571,2,8,No,No
890,Sales,10,12850,2,3,No,Yes
891,Finance,6,8858,1,2,No,No
892,Marketing,5,7732,1,2,Yes,Yes
893,Marketing,5,7604,0,3,No,No
894,Engineering,3,6451,0,0,Yes,Yes
895,Finance,22,22489,4,6,No,Yes
896,Sales,5,7036,1,3,Yes,No
897,Sales,17,18983,3,8,Yes,No
898,Marketing,21,17671,4,15,No,No
899,Sales,14,15937,3,4,No,No
900,Sales,5,7784,0,2,Yes,No
901,Sales,9,11957,1,3,No,Yes
902,Sales,7,9473,1,2,Yes,No
903,Sales,3,6053,0,1,No,No
904,HR,9,10454,2,5,No,No
905,Engineering,3,6724,0,1,No,No
906,Marketing,16,16704,2,6,No,No
907,Marketing,5,7687,1,2,No,No
908,Engineering,8,10542,1,3,Yes,No
909,Sales,9,12019,2,7,No,No
910,Engineering,6,10122,1,2,Yes,Yes
911,HR,11,10614,2,4,No,No
912,Sales,5,7792,1,2,No,No
913,HR,13,12823,3,7,No,No
914,Engineering,2,5552,0,0,Yes,Yes
915,HR,8,9452,2,5,No,Yes
916,Engineering,28,36788,5,10,No,Yes
917,Sales,3,6425,0,2,No,No
918,Operations,4,6141,0,1,No,No
919,Finance,10,13697,2,5,No,No
920,Sales,8,11475,1,5,No,No
921,Marketing,9,10978,2,2,Yes,Yes
922,Engineering,10,15034,2,7,Yes,No
923,Marketing,11,14070,1,5,No,No
924,Finance,16,20432,2,12,No,No
925,Engineering,9,13093,1,5,No,Yes
926,Sales,6,9331,1,2,No,No
927,Sales,11,13320,1,3,Yes,Yes
928,Engineering,27,31647,7,10,Yes,No
929,HR,6,7668,1,1,No,No
930,Sales,3,6552,0,0,Yes,No
931,Sales,16,16427,1,4,No,No
932,Marketing,6,9035,0,2,Yes,No
933,Operations,1,4297,0,0,No,Yes
934,Engineering,13,15128,0,3,Yes,No
935,Sales,5,8061,1,1,No,No
936,Sales,6,7671,1,3,Yes,Yes
937,Sales,9,11915,3,2,Yes,Yes
938,Operations,8,10118,2,2,Yes,Yes
939,Sales,12,13434,2,3,No,No
940,HR,5,7144,0,3,No,No
941,Sales,10,14019,2,6,No,No
942,HR,6,7601,1,2,No,Yes
943,Finance,12,13800,1,7,No,No
944,Marketing,11,13603,1,5,No,No
945,Sales,3,6658,0,1,Yes,Yes
946,Sales,15,16704,3,9,No,No
947,Sales,5,8345,1,2,No,No
948,Operations,13,14705,3,4,Yes,Yes
949,Marketing,9,10165,1,2,Yes,No
950,HR,26,21311,1,12,No,No
951,HR,6,8351,1,4,Yes,No
952,Finance,5,9108,0,2,Yes,Yes
953,Sales,7,10006,0,4,No,No
954,Operations,5,6965,1,3,No,No
955,Engineering,12,18459,2,3,Yes,Yes
956,Engineering,2,5469,0,1,No,No
957,Engineering,3,6515,0,1,No,Yes
958,Sales,3,6230,0,2,Yes,No
959,Sales,14,17734,2,11,No,No
960,Finance,24,28507,2,14,No,No
961,Sales,6,8999,0,2,Yes,Yes
962,HR,6,8020,1,4,No,No
963,Sales,7,9686,1,1,Yes,Yes
964,Engineering,16,21068,3,10,Yes,No
965,Sales,3,5472,0,2,Yes,Yes
966,Engineering,8,11573,1,3,Yes,No
967,Finance,14,17264,0,8,No,No
968,Sales,10,11287,2,4,No,No
969,HR,8,9482,2,3,No,No
970,Engineering,14,17762,1,5,Yes,Yes
971,Finance,1,4628,0,0,Yes,No
972,Operations,11,13175,2,8,Yes,Yes
973,Finance,4,7161,1,3,Yes,Yes
974,Sales,2,5233,0,0,Yes,No
975,Sales,10,12234,1,7,No,No
976,Sales,19,19464,1,12,No,No
977,HR,6,7904,1,2,No,No
978,Sales,14,14885,4,3,Yes,Yes
979,Engineering,22,23793,4,7,No,Yes
980,HR,18,17267,3,13,No,No
981,Engineering,23,28925,5,13,Yes,Yes
982,Finance,12,14093,2,7,No,No
983,Sales,7,10211,1,2,No,No
984,Sales,2,5148,0,1,Yes,Yes
985,Finance,6,9405,1,1,No,No
986,Engineering,4,8001,0,1,Yes,Yes
987,Finance,33,35073,4,19,No,No
988,Engineering,6,10023,1,1,Yes,No
989,Sales,8,10176,1,5,No,No
990,Marketing,10,11342,1,3,Yes,Yes
991,Finance,7,10081,1,4,No,No
992,Finance,24,24819,4,10,No,Yes
993,Sales,4,6957,0,2,No,No
994,HR,8,8367,1,2,No,Yes
995,Engineering,4,7455,0,0,No,No
996,Sales,2,5209,0,1,No,No
997,Operations,4,6462,0,1,No,No
998,Sales,7,9511,0,4,No,No
999,Operations,5,7276,0,3,No,Yes
1000,Engineering,4,7859,0,1,No,No
